{
  "name": "F3",
  "vendor": {
    "name": "Banana Pi",
    "homepage": "https://www.banana-pi.org/"
  },
  "soc": {
    "name": "K1/M1",
    "vendor": {
      "name": "SpacemiT",
      "homepage": "https://www.spacemit.com/"
    },
    "harts": [
      {
        "name": "SpacemiT X60",
        "nums": 8,
        "freq": "1.6GHz"
      }
    ]
  },
  "type": "SBC",
  "status": "SUPPORTED",
  "pictures": [
    "resources/bananapi/f3/f3-official.jpg"
  ],
  "hardware": {
    "ram": {
      "type": "LPDDR4X",
      "capacity": [
        "2GB",
        "4GB",
        "8GB",
        "16GB"
      ]
    },
    "storage": [
      {
        "type": "NOR Flash",
        "capacity": [
          "NC"
        ]
      },
      {
        "type": "microSD",
        "revision": "SDXC 3.0"
      },
      {
        "type": "eMMC",
        "revision": "5.1",
        "capacity": [
          "8GB",
          "16GB",
          "32GB",
          "128GB"
        ]
      },
      {
        "type": "M.2",
        "revision": "M-Key, PCIe2.0x2",
        "nums": 1
      }
    ],
    "connectivity": [
      {
        "type": "mPCIe",
        "revision": "PCIe2.0x1"
      },
      {
        "type": "USB-A",
        "revision": "3.0",
        "nums": 4
      },
      {
        "type": "USB-C",
        "revision": "2.0 OTG",
        "nums": 1
      },
      {
        "type": "Ethernet",
        "revision": "1GbE",
        "nums": 2
      },
      {
        "type": "WiFi",
        "revision": "802.11 a/b/g/n/ac/ax"
      },
      {
        "type": "Bluetooth",
        "revision": "4.2"
      },
      {
        "type": "HDMI",
        "revision": "1.4"
      },
      {
        "type": "MIPI-CSI",
        "revision": "4-lanes",
        "nums": 2
      },
      {
        "type": "MIPI-DSI",
        "revision": "4-lanes",
        "nums": 1
      },
      {
        "type": "USIM"
      }
    ]
  },
  "os": {
    "openEuler": [
      {
        "name": "24.03-LTS-SP1",
        "imagesuites": [
          {
            "name": "spacemit-k1-24.03.sp1",
            "kernel": {
              "type": "VENDOR",
              "branch": "6.6",
              "version": "6.6.63"
            },
            "userspace": "Headless",
            "isa": {
              "profile": "RVA20",
              "extensions": []
            },
            "type": "RawDiskImage",
            "features": [
              "UBOOT",
              "BOOTSTD",
              "FDT"
            ],
            "files": [
              {
                "url": "https://repo.tarsier-infra.isrc.ac.cn/openEuler-RISC-V/testing/spacemit_k1_20250303/openEuler-24.03-LTS-SP1-base-spacemit_k1-testing.img.zst",
                "tags": [
                  "system-image"
                ],
                "hash": {
                  "sha256": "c98dea49f196489245cbb90576058ea51f7379f923f460ad284104958006983e"
                }
              },
              {
                "url": "https://repo.tarsier-infra.isrc.ac.cn/openEuler-RISC-V/testing/spacemit_k1_20250303/spacemit_k1_fw.tar.zst",
                "tags": [
                  "firmware"
                ],
                "hash": {
                  "sha256": "cdae052e9913ed6b49e4432f0e18b41f55fa1e791b56a3e390735e9ef33517bd"
                }
              }
            ],
            "docs": [
              "docs/spacemit/k1-uboot-bootstd.md"
            ]
          },
          {
            "name": "spacemit-k1-24.03.sp1",
            "kernel": {
              "type": "VENDOR",
              "branch": "6.6",
              "version": "6.6.63"
            },
            "userspace": "Headless",
            "isa": {
              "profile": "RVA20",
              "extensions": []
            },
            "type": "RawDiskImage",
            "features": [
              "UBOOT",
              "BOOTSTD",
              "FDT"
            ],
            "files": [
              {
                "url": "https://repo.tarsier-infra.isrc.ac.cn/openEuler-RISC-V/testing/spacemit_k1_20250303/openEuler-24.03-LTS-SP1-base-spacemit_k1-testing.img.zst",
                "tags": [
                  "system-image"
                ],
                "hash": {
                  "sha256": "c98dea49f196489245cbb90576058ea51f7379f923f460ad284104958006983e"
                }
              },
              {
                "url": "https://repo.tarsier-infra.isrc.ac.cn/openEuler-RISC-V/testing/spacemit_k1_20250303/spacemit_k1_fw.tar.zst",
                "tags": [
                  "firmware"
                ],
                "hash": {
                  "sha256": "cdae052e9913ed6b49e4432f0e18b41f55fa1e791b56a3e390735e9ef33517bd"
                }
              }
            ],
            "docs": [
              "docs/spacemit/k1-uboot-bootstd.md"
            ]
          },
          {
            "name": "spacemit-k1-24.03.sp1",
            "kernel": {
              "type": "VENDOR",
              "branch": "6.6",
              "version": "6.6.63"
            },
            "userspace": "Headless",
            "isa": {
              "profile": "RVA20",
              "extensions": []
            },
            "type": "RawDiskImage",
            "features": [
              "UBOOT",
              "BOOTSTD",
              "FDT"
            ],
            "files": [
              {
                "url": "https://repo.tarsier-infra.isrc.ac.cn/openEuler-RISC-V/testing/spacemit_k1_20250303/openEuler-24.03-LTS-SP1-base-spacemit_k1-testing.img.zst",
                "tags": [
                  "system-image"
                ],
                "hash": {
                  "sha256": "c98dea49f196489245cbb90576058ea51f7379f923f460ad284104958006983e"
                }
              },
              {
                "url": "https://repo.tarsier-infra.isrc.ac.cn/openEuler-RISC-V/testing/spacemit_k1_20250303/spacemit_k1_fw.tar.zst",
                "tags": [
                  "firmware"
                ],
                "hash": {
                  "sha256": "cdae052e9913ed6b49e4432f0e18b41f55fa1e791b56a3e390735e9ef33517bd"
                }
              }
            ],
            "docs": [
              "docs/spacemit/k1-uboot-bootstd.md"
            ]
          }
        ]
      }
    ]
  }
}