{
  "name": "Megrez",
  "vendor": {
    "name": "Milk-V",
    "homepage": "https://milkv.io/"
  },
  "soc": {
    "name": "EIC7700X",
    "vendor": {
      "name": "ESWin",
      "homepage": "https://www.eswincomputing.com/"
    },
    "harts": [
      {
        "name": "SiFive P550",
        "nums": 4,
        "freq": "1.8GHz"
      }
    ]
  },
  "type": "mATX",
  "status": "WIP",
  "pictures": [
    "resources/milkv/megrez/megrez-view.webp"
  ],
  "hardware": {
    "ram": {
      "type": "LPDDR5",
      "capacity": [
        "8GB",
        "16GB",
        "32GB"
      ]
    },
    "storage": [
      {
        "type": "NOR Flash",
        "capacity": [
          "8MB"
        ]
      },
      {
        "type": "eMMC",
        "revision": "5.1",
        "capacity": [
          "NC"
        ]
      },
      {
        "type": "microSD",
        "revision": "SDXC 3.0"
      },
      {
        "type": "M.2",
        "revision": "M-Key, SATA3.0@6Gbps",
        "nums": 1
      },
      {
        "type": "SATA",
        "revision": "3.0@6Gbps",
        "nums": 1
      }
    ],
    "connectivity": [
      {
        "type": "PCIe x8",
        "revision": "PCIe3.0x4",
        "nums": 1
      },
      {
        "type": "USB-A",
        "revision": "3.0",
        "nums": 4
      },
      {
        "type": "F_USB3",
        "revision": "3.0",
        "nums": 2
      },
      {
        "type": "Ethernet",
        "revision": "1GbE",
        "nums": 2
      },
      {
        "type": "M.2",
        "revision": "E-Key, SDIO+UART",
        "nums": 1
      },
      {
        "type": "HDMI",
        "revision": "2.0",
        "nums": 1
      }
    ]
  },
  "os": {}
}