{
  "name": "VisionFive 2",
  "vendor": {
    "name": "StarFive",
    "homepage": "https://www.starfivetech.com"
  },
  "soc": {
    "name": "JH7110",
    "vendor": {
      "name": "StarFive",
      "homepage": "https://www.starfivetech.com"
    },
    "harts": [
      {
        "name": "SiFive U74",
        "nums": 4,
        "freq": "1.5GHz"
      },
      {
        "name": "SiFive S7",
        "nums": 1
      },
      {
        "name": "SiFive E24",
        "nums": 1
      }
    ]
  },
  "type": "SBC",
  "status": "WIP",
  "pictures": [
    "resources/starfive/vf2/vf2.jpg"
  ],
  "hardware": {
    "ram": {
      "type": "LPDDR4",
      "capacity": [
        "2GB",
        "4GB",
        "8GB"
      ]
    },
    "storage": [
      {
        "type": "NOR Flash",
        "capacity": [
          "8MB"
        ]
      },
      {
        "type": "eMMC",
        "revision": "5.0",
        "capacity": [
          "NC"
        ]
      },
      {
        "type": "microSD",
        "revision": "SDXC 3.0"
      },
      {
        "type": "M.2",
        "revision": "M-Key, PCIe2.0x1"
      }
    ],
    "connectivity": [
      {
        "type": "USB-A",
        "revision": "3.0",
        "nums": 4
      },
      {
        "type": "USB-C",
        "revision": "2.0 OTG",
        "nums": 1
      },
      {
        "type": "Ethernet",
        "revision": "1GbE",
        "nums": 2
      },
      {
        "type": "HDMI",
        "revision": "2.0"
      },
      {
        "type": "MIPI-CSI",
        "revision": "2-lanes",
        "nums": 1
      },
      {
        "type": "MIPI-DSI",
        "revision": "4-lanes",
        "nums": 1
      },
      {
        "type": "MIPI-DSI",
        "revision": "2-lanes",
        "nums": 1
      },
      {
        "type": "3.5mm Jack",
        "revision": "4-rings"
      }
    ]
  },
  "os": {}
}