{
  "name": "qemu-system",
  "vendor": {
    "name": "Qemu",
    "homepage": "https://www.qemu.org/"
  },
  "soc": {
    "name": "virt",
    "vendor": {
      "name": "Qemu",
      "homepage": "https://www.qemu.org/"
    },
    "harts": []
  },
  "type": "Emulated",
  "status": "SUPPORTED",
  "pictures": [
    "resources/qemu/Qemu_logo.svg"
  ],
  "os": {
    "openEuler": [
      {
        "name": "24.03-LTS-SP1",
        "imagesuites": [
          {
            "name": "qemu-virt-24.03.sp1",
            "kernel": {
              "type": "RVCK",
              "branch": "6.6",
              "version": "6.6.0-72.0.0.76.oe2403"
            },
            "userspace": "Headless",
            "isa": {
              "profile": "RVA20",
              "extensions": []
            },
            "type": "Installer",
            "features": [
              "EFI",
              "FDT"
            ],
            "files": [
              {
                "url": "https://mirror.iscas.ac.cn/openeuler/openEuler-24.03-LTS-SP1/virtual_machine_img/riscv64/RISCV_VIRT_CODE.fd",
                "tags": [
                  "firmware"
                ],
                "hash": {
                  "sha256": "d9b1b138affbad8d7fe0fd9f0ee76d99d3d7c90eb28c2b278f4362c0fb621032"
                }
              },
              {
                "url": "https://mirror.iscas.ac.cn/openeuler/openEuler-24.03-LTS-SP1/virtual_machine_img/riscv64/RISCV_VIRT_VARS.fd",
                "tags": [
                  "firmware"
                ],
                "hash": {
                  "sha256": "ea8094e953b1215444bd001ee1cf22818f1f7f8abcb158e62180cbaa6c1f70af"
                }
              },
              {
                "url": "https://mirror.iscas.ac.cn/openeuler/openEuler-24.03-LTS-SP1/virtual_machine_img/riscv64/openEuler-24.03-LTS-SP1-riscv64.qcow2.xz",
                "tags": [
                  "system-image"
                ],
                "hash": {
                  "sha256": "7e86ff6afae945d38240ae7d23dd77a82bd4d71593bdcd9a3a4e124868945619"
                }
              }
            ],
            "docs": [
              "docs/qemu/qemu-system-fdt.md"
            ]
          }
        ]
      },
      {
        "name": "24.03-LTS",
        "imagesuites": [
          {
            "name": "qemu-virt-24.03",
            "kernel": {
              "type": "RVCK",
              "branch": "6.6",
              "version": "6.6.0-27.0.0.31.oe2403"
            },
            "userspace": "Headless",
            "isa": {
              "profile": "RVA20",
              "extensions": []
            },
            "type": "Installer",
            "features": [
              "EFI",
              "FDT"
            ],
            "files": [
              {
                "url": "https://mirror.iscas.ac.cn/openeuler/openEuler-24.03-LTS/virtual_machine_img/riscv64/RISCV_VIRT_CODE.fd",
                "tags": [
                  "firmware"
                ],
                "hash": {
                  "sha256": "758ce83631eb93a7b19d5f2f9ac84f34f9f8854e71698e4a088920aa86f03fd5"
                }
              },
              {
                "url": "https://mirror.iscas.ac.cn/openeuler/openEuler-24.03-LTS/virtual_machine_img/riscv64/RISCV_VIRT_VARS.fd",
                "tags": [
                  "firmware"
                ],
                "hash": {
                  "sha256": "cbc804cabde37783e1d04ecf5c40df35faad1dc6114678e2c2c309a14b2fa568"
                }
              },
              {
                "url": "https://mirror.iscas.ac.cn/openeuler/openEuler-24.03-LTS/virtual_machine_img/riscv64/openEuler-24.03-LTS-riscv64.qcow2.xz",
                "tags": [
                  "system-image"
                ],
                "hash": {
                  "sha256": "aa08a2d8da3b0f3a369335be6e8bfda969e5e25dbe6ff9d76a10dd158138a509"
                }
              }
            ],
            "docs": [
              "docs/qemu/qemu-system-fdt.md"
            ]
          }
        ]
      }
    ]
  }
}